id,0-5 cm,5-15 cm,15-30 cm,30-60 cm,60-100 cm,100-200 cm,soil depth,x,y,Fuente
2086,0.31689431985926186,0.31689431985926186,0.3179217900156494,0.35673600240586945,0.396169881332532,NA,74,-72.66258565,-48.31854844,CHLSOC
2087,0.11657911307605257,0.10417188612188913,0.07244969843271902,0.07318638706302476,0.0345314442339516,NA,74,-72.66258565,-48.31854844,CHLSOC
2088,0.11493600372635752,0.12083968336686252,0.13557771743592076,0.1543281712723462,0.16429187435932524,NA,80,-72.34483909,-48.253207,CHLSOC
2089,0.1787972030150501,0.1691370371657283,0.1305712587750251,0.09616908675038613,NA,NA,31,-73.51804315,-47.79141855,CHLSOC
2090,0.316,0.316,0.316,NA,NA,NA,23,-73.07585168,-47.7001661,CHLSOC
2091,0.2930559975030662,0.2702074116847922,0.22235658755490664,0.17035549338917616,0.1490117118981697,NA,74,-72.94555953,-47.48234204,CHLSOC
2092,0.121,0.121,NA,NA,NA,NA,8,-72.59043587,-47.2896276,CHLSOC
2093,0.2347660925689095,0.22592190425178266,0.21153005025575874,NA,NA,NA,25,-72.49085695,-47.26195015,CHLSOC
2094,0.2114812722914177,0.13137440859142352,0.1673194121422649,0.12692549167484135,NA,NA,58,-72.24317388,-47.23738386,CHLSOC
2096,0.1928079680917091,0.19209796191841644,0.18777805290324592,0.1543064030521661,NA,NA,56,-72.68752222,-47.14735727,CHLSOC
2097,0.1636842549121327,0.1679276618200746,0.18204858998251222,0.18976466333347516,NA,NA,36,-72.45635354,-47.11921865,CHLSOC
2098,0.20300177195682959,0.1883898103408616,0.17734141188124095,0.19220658505650315,NA,NA,47,-72.60890576,-47.1135525,CHLSOC
2099,0.11099222411309187,0.10608362577320571,0.09014069623374939,0.08372335586074622,0.022209500841838918,0.0944979914794936,120,-71.7001371,-46.54507242,CHLSOC
2100,0.11364546066836011,0.10038021141799407,0.07583076027356218,0.10834075239533629,0.12851090377613927,NA,92,-71.73868062,-46.72717222,CHLSOC
2101,0.06666622465255917,0.07119540532906726,0.08793616588127494,0.09728912451747017,0.08919228417170934,NA,69,-71.8672515,-46.51644819,CHLSOC
2102,0.2626829651585183,0.2011816446480086,0.22957299357185573,0.25466064616594386,0.05977176789441728,NA,65,-72.53019162,-46.75176027,CHLSOC
2107,0.11979971461156474,0.10140491353244858,0.05154678713589603,0.07782039840891604,0.13446188611140528,NA,90,-72.71684099,-46.53849301,CHLSOC
2108,0.09538294136055733,0.09081616291525652,0.07305264469593525,0.06779128035370027,0.1571138099816819,0.19292158233178414,168,-72.56091111,-46.12423387,CHLSOC
2109,0.13945551481650825,0.1343099773117873,0.12307226597284412,0.12489373243115424,0.18219125381340995,NA,90,-72.0735922,-46.10764901,CHLSOC
2110,0.0958958539190166,0.06147253830427405,0.028450400027338105,0.19825990450972272,0.18475689886365973,NA,97,-71.9530782,-46.23658086,CHLSOC
2111,0.11886540039586592,0.10525762078610851,0.07843015802900187,0.06650347429791773,0.06182852187358465,0.055019521479011034,122,-71.94350943,-46.28714194,CHLSOC
2112,0.07828725391039257,0.12667661882376563,0.15299410727642163,0.1193266591928019,0.18991910152316388,NA,100,-72.09926057,-46.2222507,CHLSOC
2113,0.17536641505360231,0.1744642767319635,0.17191143649728532,0.1567468033213632,0.1763414026662709,NA,100,-71.83604749,-45.90280182,CHLSOC
2114,0.09312920447988166,0.08488803214014239,0.08477716528240554,0.0914719735634585,0.08951571111151038,0.10525069570404143,122,-71.72763736,-45.86700008,CHLSOC
2115,0.20092360539606074,0.19782217824110812,0.18185596422210526,0.15449475322603606,0.20992318594772438,0.19256264662599173,106,-71.78873351,-45.78201941,CHLSOC
2116,0.2229107423742432,0.20986515628293592,0.1859261953228902,0.16716411228099384,0.1463463650396177,0.18692197416442324,178,-72.06091754,-45.75910861,CHLSOC
2117,0.19737023802531167,0.19668297466573198,0.1940912842596793,0.20860889786943337,0.19715702874539873,0.19039889007631688,124,-72.06522654,-45.84895919,CHLSOC
2118,0.20426976021914356,0.21231255681247954,0.2097556689806894,0.15374882995060782,0.15595912393639583,NA,80,-72.11269808,-45.75145597,CHLSOC
2119,0.29126021724491613,0.3137213537379957,0.25961424265877003,0.1401890157994008,0.18770674598209436,NA,80,-72.19405994,-45.69169256,CHLSOC
2120,0.15717056262136123,0.14266094830245477,0.11338019857033722,0.13719059943348175,0.15630977950281305,NA,94,-72.19467987,-45.59553961,CHLSOC
2121,0.27448988349337733,0.22213733859659862,0.16354720905033862,0.15273584195658285,0.15207254611445764,0.12523554251489635,118,-72.01347312,-45.57205753,CHLSOC
2122,0.15729845014923322,0.15847686780718967,0.1627033234017708,0.18604103681581663,0.19318606545339917,0.1532596572877362,155,-72.00266047,-45.44787081,CHLSOC
2124,0.1525725286320687,0.13844847626132262,0.16354539507985771,0.15592936730151816,0.1410257297387142,NA,88,-72.60571986,-45.35511452,CHLSOC
2126,0.19765067220030863,0.17033101991183314,0.1129994053943716,0.1911614020134832,0.10430073277364352,0.14095323985833802,130,-72.27508941,-45.86483568,CHLSOC
2127,0.15703984744158395,0.14346858545810648,0.1201592510363599,0.11287492353735523,0.12719287289403938,0.11836930957647739,116,-71.52774381,-45.37193228,CHLSOC
2128,0.16692455186154112,0.16124881298179075,0.15175063288269977,0.17164377565071673,0.16359534066538883,NA,80,-71.87770767,-45.13722744,CHLSOC
2129,0.19886541887563428,0.2049506565620824,0.21818800899416033,0.22457687822499003,NA,NA,39,-71.86727854,-44.68611968,CHLSOC
2130,0.13631034076095705,0.14250793146886281,0.15671373336713224,0.14484354632378707,0.1412928830772694,NA,76,-71.50750907,-44.58309702,CHLSOC
2131,0.2559361161330644,0.17358920765292296,0.10128635454173121,0.18619744885664777,0.1457601697486308,0.11717055243239528,128,-72.61459953,-44.75686683,CHLSOC
2133,0.1330558865061861,0.07955687743826997,0.13842565468936746,0.1296828521210778,0.10895104596723872,0.23811155751794336,110,-72.43321968,-44.0476353,CHLSOC
2134,0.015065430723131058,0.017161488696105585,0.023262206660619775,0.02984655703911779,0.020403625507920048,0.015291387337684549,110,-72.9556333,-43.76477928,CHLSOC
2135,0.07636896365105429,0.09927985484558992,0.12586561371773486,0.13652748017694577,0.1242578118630979,0.1642524640293364,130,-72.36576661,-43.84824399,CHLSOC
2136,0.1425909634765434,0.11914528130225625,0.09864674729649726,0.13838343351032753,0.09717010331309643,0.13947455133662184,146,-72.31638957,-43.98892261,CHLSOC
13030,0.08489325450588939,0.08059328159566648,0.06573670506026709,0.05897300214744857,NA,NA,60,-72.46850601,-36.0435651,UChile
13031,0.05327179982639154,0.059184240809433145,0.07816821483137285,0.05940029495302764,NA,NA,60,-72.46787512,-36.04385822,UChile
13032,0.04510674549411058,0.04940671840433349,0.0642632949397329,0.07102699785255143,NA,NA,60,-72.46842071,-36.04414916,UChile
13033,0.057553372747055284,0.059703359202166746,0.06713164746986647,0.07051349892627572,NA,NA,60,-72.46897397,-36.0438544,UChile
13034,0.08345626822993979,0.07163150236260273,0.041363920794640685,0.22859582126317432,NA,NA,60,-72.46947808,-36.04405432,UChile
13035,0.10100980612359148,0.09133488158793321,0.05887013019277423,0.06236380622791298,NA,NA,60,-72.47019798,-36.04375406,UChile
13036,0.08917482742655315,0.0811123999884001,0.054700137698760726,0.07008620612069662,NA,NA,60,-72.46985519,-36.04336827,UChile
13037,0.0824466272529447,0.08029664079783326,0.07286835253013356,0.06948650107372428,NA,NA,60,-72.46963526,-36.04295804,UChile
13038,0.0848932545058894,0.08059328159566648,0.06573670506026708,0.058973002147448585,NA,NA,60,-72.46899185,-36.04329596,UChile
13039,0.06550487003247646,0.06066743678933386,0.04636015271073368,0.0855310059062639,NA,NA,60,-72.46869747,-36.042785,UChile
13040,0.057553372747055305,0.05970335920216676,0.06713164746986645,0.07051349892627573,NA,NA,60,-72.46851313,-36.04230341,UChile
13041,0.047553372747055296,0.04970335920216676,0.05713164746986648,0.060513498926275736,NA,NA,60,-72.46816532,-36.04172824,UChile
13042,0.09489325450588938,0.09059328159566647,0.07573670506026708,0.06897300214744857,NA,NA,60,-72.46786159,-36.041163,UChile
13043,0.12284478482062988,0.11155736318746637,0.07304012268678774,0.06464140633512934,NA,NA,60,-72.46763983,-36.0404643,UChile
13044,0.06244659422362541,0.06029663679320049,0.05479344014448014,0.0888356038660317,NA,NA,60,-72.46735771,-36.03991755,UChile
13045,0.08489325450588936,0.08059328159566645,0.06573670506026708,0.05897300214744854,NA,NA,60,-72.46816669,-36.04307122,UChile
13046,0.057553372747055284,0.059703359202166746,0.06713164746986647,0.07051349892627569,NA,NA,60,-72.46792043,-36.04244411,UChile
13047,0.07244662725294469,0.07029664079783325,0.06286835253013356,0.05948650107372431,NA,NA,60,-72.46740165,-36.04200953,UChile
13048,0.05287364225870639,0.06792351841980004,0.11799644467471866,0.10424538969162259,NA,NA,60,-72.46724412,-36.04138429,UChile
13049,0.05449509693820422,0.05933255920603338,0.07556493490361291,0.0738180968860435,NA,NA,60,-72.46699787,-36.04075718,UChile
13050,0.06938835144409365,0.06992584080169989,0.07130163996387998,0.06279109903349206,NA,NA,60,-72.46936006,-36.04242,UChile
13051,0.04938835144409365,0.04992584080169987,0.05130163996387996,0.04279109903349207,NA,NA,60,-72.46908997,-36.04183997,UChile
13052,0.09100980612359151,0.08133488158793323,0.04887013019277423,0.05236380622791299,NA,NA,60,-72.46878001,-36.04123,UChile
13053,0.03880559335558313,0.06621784084036621,0.15563451430134428,0.09583707863116996,NA,NA,60,-72.46848004,-36.04061996,UChile
13054,0.07305827580885105,0.07037079999613337,0.06156671256625357,0.06669540204023222,NA,NA,60,-72.46824002,-36.04002002,UChile
13055,0.07611655161770207,0.0707415999922667,0.053133425132507114,0.06339080408046445,NA,NA,60,-72.46799001,-36.03941996,UChile
13056,0.07305827580885103,0.07037079999613335,0.06156671256625359,0.06669540204023225,NA,NA,60,-72.46766001,-36.03883001,UChile
13057,0.08795153031474041,0.08096408159179982,0.057303417626520636,0.05566840418768077,NA,NA,60,-72.46691,-36.03924003,UChile
13058,0.05694172419114892,0.059629200003866616,0.06843328743374644,0.0633045979597678,NA,NA,60,-72.46619,-36.03951999,UChile
13059,0.0475533727470553,0.04970335920216676,0.05713164746986645,0.060513498926275715,NA,NA,60,-72.46650995,-36.04015002,UChile
13060,0.0706116155265871,0.07007415519366739,0.07062344765046662,0.11655800375881532,NA,NA,60,-72.46673996,-36.04100996,UChile
13061,0.08856317887064682,0.0810382407901,0.056001777662640695,0.06287730515418871,NA,NA,60,-72.46754001,-36.04297001,UChile
13062,0.06061164855590635,0.06007415919830012,0.05869836003612,0.06720890096650789,NA,NA,60,-72.47017741,-36.04266304,UChile
13063,0.09366992436475738,0.09044495919443346,0.0802650726023736,0.09390430300674014,NA,NA,60,-72.46988174,-36.04184561,UChile
13064,0.22076745769729375,0.1761552895469325,0.03607018959201605,0.033392383449457094,NA,NA,60,-72.4696019,-36.04122681,UChile
13065,0.1271263577412936,0.11207648158019995,0.062003555325281366,0.075754610308377407,NA,NA,60,-72.46926807,-36.04056179,UChile
13066,0.0736699243647574,0.07044495919443348,0.06026507260237362,0.07390430300674014,NA,NA,60,-72.4689786,-36.03989772,UChile
13067,0.09061164855590634,0.09007415919830011,0.08869836003612001,0.09720890096650796,NA,NA,60,-72.4686874,-36.03928769,UChile
13068,0.09917479439723388,0.09111239598376736,0.06662522531310727,0.11943530891300405,NA,NA,60,-72.46837807,-36.03855109,UChile
13069,0.10877670288818728,0.10985168160339974,0.11260327992775994,0.09558219806698415,NA,NA,60,-72.46901856,-36.03830324,UChile
13070,0.06694172419114894,0.06962920000386662,0.07843328743374642,0.0733045979597678,NA,NA,60,-72.46937139,-36.03906779,UChile
13071,0.055718427079336254,0.059480881607266396,0.07103656736150636,0.04888679602675192,NA,NA,60,-72.46964429,-36.03990277,UChile
13072,0.06428157292066375,0.060519118392733606,0.048963432638493606,0.07111320397324807,NA,NA,60,-72.46985514,-36.04024972,UChile
13073,0.03755333971773603,0.039703355197534006,0.04905673508421301,0.08986260171858312,NA,NA,60,-72.47018956,-36.04089671,UChile
13074,0.08061164855590634,0.08007415919830012,0.07869836003612005,0.08720890096650795,NA,NA,60,-72.47082703,-36.04109043,UChile
13075,0.028990193876408502,0.03866511841206678,0.07112986980722578,0.067636193772087,NA,NA,60,-72.47150901,-36.04093358,UChile
13076,0.1575244822796594,0.13333719996520024,0.05410041309628212,0.10025861836208992,NA,NA,60,-72.47159025,-36.04047562,UChile
13077,0.05633004260592329,0.05955503680093374,0.071660015011973,0.09544479978556726,NA,NA,60,-72.4707847,-36.04033243,UChile
13078,0.06672823320292776,0.060815763195199615,0.0399066975542806,0.021250602254664925,NA,NA,60,-72.4704013,-36.03982862,UChile
13079,0.04183494566771907,0.040222477594900385,0.0360950801083601,0.061626702899523766,NA,NA,60,-72.4700882,-36.03920911,UChile
13080,0.04776689676459578,0.058516800015466525,0.09373314973498573,0.07321839183907115,NA,NA,60,-72.46960257,-36.03843274,UChile
13081,0.057553372747055284,0.059703359202166746,0.06713164746986647,0.07051349892627572,NA,NA,60,-72.46942961,-36.03794238,UChile
13082,0.08223310323540418,0.07148319998453345,0.03626685026501427,0.056781608160928844,NA,NA,60,-72.47014859,-36.03766914,UChile
13083,0.07385452488558278,0.052892236766134054,0.004276695808455452,0.06082051823446108,NA,NA,60,-72.4704673,-36.03846001,UChile
13084,0.068776669858868,0.069851677598767,0.07452836754210654,0.09493130085929155,NA,NA,60,-72.47041923,-36.04308275,UChile
13085,0.043271766797072245,0.04918423680480038,0.0700933024457194,0.08874939774533505,NA,NA,60,-72.47089223,-36.04356141,UChile
13086,0.10795153031474043,0.10096408159179984,0.07730341762652064,0.07566840418768078,NA,NA,60,-72.47138828,-36.04331952,UChile
13087,0.03266011824116591,0.03911007760650027,0.06139494240959936,0.07154049677882714,NA,NA,60,-72.47159296,-36.0428191,UChile
13088,0.07244662725294469,0.07029664079783325,0.06286835253013356,0.05948650107372429,NA,NA,60,-72.47099997,-36.04296882,UChile
13089,0.10917482742655317,0.10111239998840012,0.07470013769876073,0.09008620612069661,NA,NA,60,-72.47085668,-36.04224474,UChile
13090,0.06489322147657012,0.06059327759103374,0.047661792674613644,0.078322104939756,NA,NA,60,-72.47120553,-36.04174737,UChile
13091,0.11100980612359153,0.10133488158793325,0.06887013019277421,0.072363806227913,NA,NA,60,-72.47199107,-36.04147552,UChile
13238,0.11404798808376856,0.10711208222308152,0.07575474802330413,0.0453704911719123,0.055276111947023115,0.0681404753842936,110,-72.49579,-36.026772,UChile
13239,0.10411334992028926,0.11747231444816918,0.14163430555326573,0.13310319682423277,0.09468013375363049,0.09394592420992143,130,-72.495196000000007,-36.032014,UChile
13240,0.05219709447867742,0.05236882726994876,0.05329139672976392,0.0583613595791591,0.07127021122695916,0.09615571811361819,148,-72.481449,-35.992856,UChile
13241,0.10668514027498104,0.07853490544255617,0.047041372675318736,0.06444161762589119,0.0941201674527285,0.11320015106014789,168,-72.474423,-35.994734,UChile
13242,0.10412382194571686,0.061388014684897435,0.04042876393386873,0.06805741425238403,0.0526822476537986,0.06355854799340258,150,-72.3938838,-35.79776622,UChile
13243,0.06099880400865566,0.03749983875367904,0.009060026687546328,0.04732071147274959,0.06380541210237255,0.11157276316418127,140,-72.39300105,-35.79831744,UChile
13244,0.03560716829991244,0.04966699993906818,0.09041569581912888,0.10099137009662772,0.07561530342857743,0.11873221606605845,140,-72.39346647,-35.79806759,UChile
13245,0.12088064975716169,0.12150040830233727,0.12628806757394528,0.12457685247097348,0.10085331644296595,0.11778481042401218,131,-72.40441293,-35.82138872,UChile
13246,0.05603668844308866,0.08968046626394331,0.17306134764944234,0.12289352583367028,0.06955685935584038,0.06595468679002049,110,-72.49881603,-36.26106655,UChile
13247,0.22363530872824153,0.1842257475701632,0.07795795333803474,0.07148686760900484,0.057823589921336425,0.010594495104452057,120,-72.175265,-35.952881,UChile
13248,0.11285727075691043,0.09699137107609057,0.0477349059784847,0.03345172787684108,0.03987691443940519,NA,70,-72.471386,-36.045788,UChile
13249,0.04141422699546904,0.04391944713808465,0.053220128212952376,0.07445220044183606,0.045964484021158096,0.032506267279240185,200,-72.29129628,-35.95282623,UChile
13250,0.1210892326609841,0.059110069286723806,0.006616558774986587,0.033748642735514964,0.09990424233042239,0.056117737157246016,170,-72.243081,-35.920117,UChile
13251,0.11615203395621562,0.10480695504171238,0.06800553533376677,0.053287098753317115,0.08757525367525326,NA,95,-72.470755,-36.121106,UChile
13252,0.045011212155719536,0.061354804684648906,0.08006987952935825,0.048531975403594434,0.05593686872468014,NA,75,-72.30679501,-36.185302,UChile
13253,0.2795725565913108,0.1692910382898408,0.03985086879153024,0.0791596433162559,0.023507056431467808,0.05845350641066033,120,-72.13007499,-35.95471,UChile
13254,0.14414904677513019,0.13858699345225234,0.11766036453408042,0.10897343516744995,0.12744993242006475,0.11599026706667405,135,-72.424173,-36.067436,UChile
13255,0.12895200768437295,0.13150705465482812,0.10786522011629929,0.03203712789040834,0.041189287102142945,0.060938212545748174,130,-72.431076,-36.066443,UChile
13256,0.043005596717370025,0.055069725719675895,0.05040587475825439,0.0503366457280047,0.053377540447735614,0.054652643395604515,145,-72.12433285,-35.93484732,UChile
13257,0.06887546283494535,0.06567452833341919,0.060297523949147995,0.08627269192393988,0.10784080887906146,NA,70,-72.12433285,-35.93484732,UChile
13258,0.05963849359504261,0.05431977231081764,0.05267585389368659,0.11344409601811994,0.10076517879846213,NA,90,-72.213809,-35.972789,UChile
13259,0.058543439192852334,0.05780233980577493,0.05471436102487099,0.04505588059858837,0.03780087582535232,0.030325006135285836,120,-72.24570739,-35.91953237,UChile
13260,0.09055609665125126,0.08604421780738461,0.07081352523006035,0.06863629874420552,0.08364867196379618,0.06085062747796126,160,-72.401239,-35.81305,UChile
13261,0.10696219449197539,0.100350073813794,0.08119410324165266,0.07609263331733167,0.05822037412869756,NA,92,-72.400305,-35.813584,UChile
13262,0.03826864708947212,0.0357927251081015,0.03723190503206225,0.07724544177923932,0.08274254828176131,0.07538794961875138,120,-72.40078899,-35.81332,UChile
13263,0.04540177269351376,0.04347082684964934,0.039015309096333904,0.05082225772196509,NA,NA,60,-72.313613,-36.176964,UChile
13264,0.16176916606986425,0.15793370760226788,0.1483773200487438,0.12475831776548894,0.07684893419050315,0.10195375279448916,170,-72.306346,-35.816421,UChile
13265,0.09356205289083652,0.09053312213230974,0.0799119218403761,0.07265871951235903,0.08331643600736201,0.06960937339590069,140,-72.211826,-36.073752,UChile
13266,0.059937116230948974,0.05896835855373869,0.05755818439649309,0.05750095616944078,0.05617809988948172,NA,85,-72.123489,-35.934552,UChile
13267,0.19383941279794406,0.13953079117364114,0.06347516284521212,0.06208662846191021,0.07067029106636323,0.08734002598112214,135,-72.12460408,-35.9347255,UChile
13268,0.12388605134749987,0.1231687922733616,0.12042043928311089,0.11379489685338795,0.12697574774723913,0.14002736107673802,120,-72.363729,-35.800731,UChile
13269,0.1233031835565008,0.10141285997719852,0.07937916160262637,0.10647556281610761,0.08956745752766741,0.08473068700828854,133,-72.443335,-36.081495,UChile
13270,0.09507935552870024,0.08187114438826394,0.05641032514200926,0.054549215600002116,0.04435328909403105,NA,90,-72.473289,-36.044112,UChile
13271,0.07086075784102643,0.06268332426489162,0.055479339817189825,0.09654361892337007,0.21089812143461914,0.3093707761038401,180,-72.30187099,-36.047945,UChile
13272,0.1757756502070711,0.14970757459676848,0.08928874542718357,0.057984477388387745,0.07930588012597557,0.09055605293045477,120,-72.24315828,-35.92113328,UChile
13273,0.188917621055989,0.17924682148418003,0.14432183622765807,0.10159192385862686,0.10767855337023388,0.013624145125526248,140,-72.479031,-35.998705,UChile
13274,0.0798553362729354,0.07452791659432371,0.0559489604599135,0.04791282938365223,0.11548159342960361,0.09029229312830757,218,-72.405711,-35.976324,UChile
13275,0.06171238284330703,0.05823977795101819,0.0462679722608244,0.04474628354359765,0.060715263765066134,0.06202694381576361,140,-72.469134,-36.042399,UChile
13276,0.05801343880508167,0.0572373990206742,0.05465067767423971,0.05587856629917528,0.06610029280552036,0.07162041795362173,140,-72.209949,-35.975233,UChile
13277,0.07594572638017193,0.07392294241313611,0.06600956702646088,0.05731154783434341,0.06470437853150612,0.09578350512691236,140,-72.387266,-36.06279,UChile
13278,0.04543975403900371,0.0386762438223925,0.01899138087664247,0.027893386451593543,0.022438683163912895,0.034704478763402984,160,-72.326262,-36.037158,UChile
13279,0.05770490235044634,0.058704552141698785,0.0626807646510612,0.07100825339102562,0.07246413720999431,0.06228979934138015,160,-72.301269,-36.043468,UChile
13280,0.06143483188962911,0.05588059550573246,0.05804189960377355,0.06032824358293415,0.07544134776320816,0.08316870539746074,140,-72.402329,-36.069499,UChile
13281,0.07440118377147129,0.06567257088611607,0.049166869943818886,0.06204536406930514,0.07482969998186258,NA,92,-72.38347148,-36.08379021,UChile
13282,0.07833547390190788,0.08018020804584677,0.0861546859280272,0.0941367956080833,0.11524098907263576,NA,90,-71.00292766,-31.78817214,UChile
13283,0.07826007204505012,0.07826007204505012,0.07826007204505012,0.07445588806717247,0.10525128956204484,NA,83,-71.01473349,-31.80689993,UChile
13284,0.12248199510862,0.11999205465882332,0.10918866504046809,0.09168689198245109,0.17376318884806152,NA,100,-70.91364173,-31.82603371,UChile
13285,0.12700848559709146,0.12531452112435146,0.11424317188119043,0.07367877039478327,0.0576325956667183,NA,65,-70.86996636,-31.8383171,UChile
13286,0.08086940204263705,0.08684310179826414,0.10478273452481816,0.12305241454262741,0.13206475447217128,NA,80,-70.87646639,-31.85406658,UChile
13287,0.12936627315398844,0.12695750773633593,0.11831219421871118,0.09872085250123155,NA,NA,60,-71.04051089,-31.75142204,UChile
13288,0.052243164102795045,0.06065028798097498,0.09136134239755868,0.10143408462738839,0.0800358298217358,NA,90,-71.05753331,-31.78529975,UChile
13289,0.08658630928146702,0.09315142017771384,0.11237473348921928,0.16299178964292438,0.16316398361156179,NA,86,-70.900669,-31.82296392,UChile
13290,0.09895930128230851,0.10542415923639498,0.1294034053716171,0.1443535752342604,0.12913223117761255,NA,70,-71.1364336,-31.7384108,UChile
13291,0.15892894078262526,0.14556564519572754,0.11363583176762033,0.06281843145742733,0.035624533638461714,NA,75,-70.8707473,-31.83706629,UChile
13292,0.18327492973984924,0.17989580750485554,0.16728980992214393,0.14511146041087414,0.06932785625906034,NA,98,-71.10792482,-31.60134973,UChile
13293,0.11505439482695451,0.15257711112170827,0.2455104184199163,0.2137179187510216,NA,NA,60,-71.22630043,-31.66374995,UChile
13294,0.16786601324136802,0.1674941209049119,0.1660206945842027,0.17213469155241953,0.18638364753062311,NA,80,-71.1849162,-31.63411638,UChile
13295,0.11819140526465892,0.12182443243592296,0.12877832990009316,0.13347594554361436,0.13430843521772629,NA,70,-70.82984421,-31.89256129,UChile
13296,0.1294452954484809,0.14041491686919172,0.163695782994033,0.14042162981329953,0.10963535727589414,NA,75,-70.8422333,-31.8965666,UChile
13297,0.23690858146458665,0.1978031679393607,0.15170420337405713,0.18951939841888452,0.2035203093807773,NA,85,-70.93118344,-31.80834961,UChile
13298,0.1737297359096442,0.17434103952633764,0.1699063085062024,0.12721341210236128,0.0974233758902829,NA,68,-70.84429988,-31.85278374,UChile
13299,0.124,0.124,0.124,NA,NA,NA,30,-70.83701663,-31.85816675,UChile
13300,0.15407583134294012,0.15861888636453964,0.17213178117251107,0.1866874216611103,0.19545413484096327,NA,100,-70.73803365,-31.88199959,UChile
13301,0.15178047036129894,0.15396279744723446,0.16173525205756875,0.17345082242043885,0.17831762080004498,NA,70,-70.63668013,-31.90006075,UChile
13302,0.20647222997552503,0.17354320483539556,0.07077545534414299,0.22994425601732302,0.1498544818547789,NA,100,-70.87831017,-33.74128284,UChile
13303,0.12523763128710616,0.137331345005965,0.17983746748759755,0.2104373756878729,NA,NA,40,-70.88136292,-33.74267913,UChile
13304,0.175,0.175,0.175,NA,NA,NA,20,-70.88198297,-33.74388703,UChile
13305,0.14613065010224666,0.1372282885042186,0.10572173609363789,0.08013951225829129,0.08677372326647555,NA,100,-70.61602978,-33.71446973,UChile
13306,0.09756123551408341,0.10826213439464963,0.12073669742206973,0.1014320153990492,0.10103644665647768,NA,100,-70.61658914,-33.71552653,UChile
13307,0.09346105638599504,0.09424048377845154,0.09605088895496412,0.09154943832014274,0.08052208735966056,NA,100,-70.6167479,-33.71478498,UChile
13308,0.12906477891481052,0.12461406348303812,0.10918158597648671,0.10501440591275199,0.07401268314372886,0.03275434653872676,108,-70.6164175,-33.71097471,UChile
13309,0.12790342166452126,0.12798829038037757,0.12833386154006912,0.1297554835569314,0.13215512844835808,0.13292236386367695,110,-70.61734922,-33.70944749,UChile
13310,0.15084302175449807,0.14179113812244132,0.11991332334446128,0.10804467965148516,0.10785939106260006,0.09860905643313116,110,-70.61583254,-33.70970181,UChile
13311,0.16658290376398843,0.15343262724603016,0.12157053794515701,0.1046965904107051,0.1457326246947275,0.1643924969056427,110,-70.60824039,-33.71166764,UChile
13312,0.1183283268873633,0.1174543055871134,0.11396499574503045,0.10097663270178192,0.08434584595467326,0.09228203135878038,107,-70.60767238,-33.71071913,UChile
13313,0.16810565025219654,0.1666927769311269,0.16105223615321332,0.14005724488485574,0.09853572350119964,0.08351005861219424,117,-70.60908831,-33.71026782,UChile
13314,0.10299999999999998,0.10299999999999998,0.10299999999999998,NA,NA,NA,20,-71.24598787,-34.60985369,UChile
13316,0.15641999956724553,0.122023220987213,0.11222730532298471,0.08294075328348838,NA,NA,50,-71.22318211,-34.61947651,UChile
13317,0.2105021637612195,0.1946642751267706,0.16114687247453213,0.13183415051740344,NA,NA,50,-71.22107635,-34.61984846,UChile
13319,0.2006003672044064,0.17450005400064797,NA,NA,NA,NA,10,-71.24999965,-34.59999968,UChile
13320,0.1456388283778446,0.11701987583658278,0.09998268481109623,0.16753616544858466,NA,NA,50,-70.97527535,-34.60779414,UChile
13321,0.12075169437317257,0.10846677091991075,0.08740150761430535,0.07696608313564834,NA,NA,60,-71.41666425,-30.77944442,UChile
13322,0.1293349886311567,0.1278462490260622,0.12550751117274794,0.12499999991967269,NA,NA,60,-71.16666698,-32.86666656,UChile
13323,0.14740606664335096,0.14853688629779704,0.15817049529977276,0.14479866299419822,0.10910157088312698,NA,70,-70.99999958,-33.73333308,UChile
13324,0.06769021422279567,0.06684247024647527,0.06355629394620646,0.07061466319955577,0.04250051528874284,NA,90,-71.25585597,-30.58158584,UChile
13325,0.06938253371543134,0.06465260414874728,0.05100549822637899,0.09595904627142379,NA,NA,60,-71.39601977,-30.69369679,UChile
13326,0.10969943660209988,0.0569968147421721,0.06318860462158768,0.10321637160601173,0.09397464597199481,NA,90,-71.16805592,-34.38000019,UChile
13327,0.14001558421707067,0.1356081134353265,0.12047637706749108,0.11541478234075012,NA,NA,60,-70.74972262,-32.72333291,UChile
13328,0.13366997273998713,0.13081626307081995,0.1302375504927184,0.14307497250196957,NA,NA,60,-70.63483316,-32.77063303,UChile
13329,0.0708250875247374,0.07888756333730997,0.10722497832506503,0.12762491712524862,NA,NA,40,-71.71083318,-34.1283331,UChile
13330,0.09434029148246498,0.1025254721361519,0.12609157871251134,0.1309632198446328,0.11367981705945798,NA,100,-70.69361102,-30.03583377,UChile
13331,0.09724626576120272,0.10062688061935814,0.10691373675878971,0.11001872744381765,NA,NA,40,-71.13333313,-30.65000014,UChile
13332,0.1125483651398728,0.11899958933497601,0.12897704942513563,NA,NA,NA,30,-71.39302255,-30.67992462,UChile
13333,0.14437792203512897,0.1437431221898754,0.14411757295830452,0.16258346401615742,0.17817403097681203,NA,75,-71.2195621,-34.35080976,UChile
13336,0.07421155314731227,0.07620103117179208,0.08414352095944407,0.11209091965222372,0.142434041297859,NA,100,-71.31264087,-34.41033856,UChile
13339,0.13502728522869234,0.13580807371611742,0.13892517504188417,0.15033127759324,0.16619910550288428,NA,95,-71.15179946,-34.39732573,UChile
13341,0.2453272098237298,0.23888192727162064,0.21315076049382056,0.170712028966696,0.19304821000129255,NA,85,-71.19050401,-71.19050401,UChile
13344,0.11359640925152367,0.11225863623238792,0.10691791448932664,0.09481205925268263,0.09099888914360893,NA,90,-71.16746085,-34.3799909,UChile
13347,0.13108251670098,0.13188876573348116,0.1351075118709858,0.14589291559516795,0.1583666506266859,NA,100,-71.18249747,-34.39538427,UChile
13349,0.1216787255580266,0.12224362871638284,0.124498862255557,0.13321981269558125,0.16157846663716355,NA,95,-71.23839657,-34.36822796,UChile
13352,0.09868097235590759,0.0984385792517232,0.09747088585129714,0.0938688115821384,0.1331672678008089,0.20275272882735765,105,-71.26389163,-34.33145848,UChile
13353,0.12959071136950429,0.12656058733521255,0.12377646462797255,0.11265073916624768,0.11531323000362571,NA,90,-71.17582415,-34.40628004,UChile
13354,0.061066017920778454,0.06171101714677939,0.0642860140567831,0.07371700273959668,0.08783998579201703,NA,100,-71.03976002,-34.46015024,UChile
13355,0.25955442941896595,0.2581628588958513,0.2526777811976438,0.24143747822051248,0.23527068630210918,NA,80,-71.32267067,-34.41718864,UChile
13356,0.2434033484783106,0.24398563927154107,0.2463102885623449,0.25445165531854874,0.2619383801995725,NA,80,-71.31992116,-34.34225857,UChile
13360,0.11461648022415462,0.11630375814499212,0.11841357591183928,0.1156093236081068,0.11382174875761886,NA,65,-70.96531127,-34.49987886,UChile
13361,0.053940158,0.053940158,NA,NA,NA,NA,10,-71.27318617,-30.26458119,UChile
13362,0.027132321,0.027132321,NA,NA,NA,NA,10,-71.24713571,-30.26903342,UChile
13363,0.091730724,0.091730724,NA,NA,NA,NA,10,-71.30350192,-30.28107651,UChile
13364,0.07291249500000001,0.07291249500000001,NA,NA,NA,NA,10,-71.28934527,-30.2764474,UChile
13365,0.045395879,0.045395879,NA,NA,NA,NA,10,-71.28232048,-30.2944213,UChile
13366,0.089148814,0.089148814,NA,NA,NA,NA,10,-71.23653019,-30.25542278,UChile
13367,0.09892641199999999,0.09892641199999999,NA,NA,NA,NA,10,-71.230334010000007,-30.27095927,UChile
13368,0.053107084,0.053107084,NA,NA,NA,NA,10,-71.23845406,-30.29924696,UChile
13369,0.070074562,0.070074562,NA,NA,NA,NA,10,-71.28396856,-30.28464969,UChile
13370,0.05230110499999999,0.05230110499999999,NA,NA,NA,NA,10,-71.29151603,-30.28855782,UChile
13371,0.08992801399999999,0.08992801399999999,NA,NA,NA,NA,10,-71.27379676,-30.24992921,UChile
13372,0.016664514000000005,0.016664514000000005,NA,NA,NA,NA,10,-71.28923395,-30.26992326,UChile
13373,0.06614617200000002,0.06614617200000002,NA,NA,NA,NA,10,-71.30107284,-30.29815896,UChile
13374,0.095424655,0.095424655,NA,NA,NA,NA,10,-71.28987297,-30.257783710000002,UChile
13375,0.021232994000000005,0.021232994000000005,NA,NA,NA,NA,10,-71.31259733,-30.26955361,UChile
13376,0.04910884200000001,0.04910884200000001,NA,NA,NA,NA,10,-71.27945126,-30.25145935,UChile
13377,0.05896726399999999,0.05896726399999999,NA,NA,NA,NA,10,-71.25326618,-30.2933066,UChile
13378,0.11215069100000001,0.11215069100000001,NA,NA,NA,NA,10,-71.255982650000007,-30.28838835,UChile
13379,0.090226372,0.090226372,NA,NA,NA,NA,10,-71.24863913,-30.25359007,UChile
13381,0.076631913,0.076631913,NA,NA,NA,NA,10,-71.26522406,-30.28334861,UChile
13382,0.090926725,0.090926725,NA,NA,NA,NA,10,-71.23641481,-30.29116199,UChile
13383,0.026715332999999994,0.026715332999999994,NA,NA,NA,NA,10,-71.29001579,-30.26343945,UChile
13384,0.04687277200000001,0.04687277200000001,NA,NA,NA,NA,10,-71.28755253,-30.2789182,UChile
13385,0.031842397999999994,0.031842397999999994,NA,NA,NA,NA,10,-71.27613217,-30.2709815,UChile
13386,0.048554667999999995,0.048554667999999995,NA,NA,NA,NA,10,-71.24628016,-30.27232733,UChile
13387,0.05856771100000001,0.05856771100000001,NA,NA,NA,NA,10,-71.25244529,-30.25676859,UChile
13389,0.121755314154182,0.12197033311697374,0.12406072607702927,0.15059572184724274,NA,NA,60,-72.62721551,-36.2226805,UChile
13390,0.0940126786556714,0.08697149550931345,0.06413579743730594,0.08206384568048526,NA,NA,60,-72.47147441,-35.98821631,UChile
13391,0.12063473780929947,0.14116708378463033,0.21047090886503006,0.21095717737247172,NA,NA,60,-72.57206871,-36.09909782,UChile
13392,0.2961091093370862,0.26525679645006517,0.15817958690382963,0.10029401470986667,NA,NA,60,-72.50376277,-36.26159468,UChile
13393,0.195126384164749,0.18007648478390614,0.1284634852338041,0.11227532807453147,NA,NA,60,-72.46386147,-36.13978128,UChile
13394,0.22860706229271074,0.20522596757516248,0.12497273285914755,0.09848670244463616,NA,NA,60,-72.37395896,-35.98222486,UChile
13395,0.10062722286418121,0.0956822714322368,0.07975226338791509,0.09442841414495032,NA,NA,60,-72.41705078,-36.07273519,UChile
13396,0.08161167167642983,0.08107416200154303,0.07835079870607742,0.06066452901189271,NA,NA,60,-72.47152221,-35.99385569,UChile
13397,0.12667395569780165,0.1085066093354367,0.0483364471589963,0.07028222284258524,NA,NA,60,-72.39502164,-35.99690372,UChile
13398,0.22708372560228787,0.21031380222773202,0.150448062120695,0.08664560558274198,NA,NA,60,-72.35920363,-36.15851707,UChile
13399,0.06274843671251322,0.07527207225829645,0.11618361418439754,0.09003848032497942,NA,NA,60,-72.50184719,-36.26155173,UChile
13400,0.1047755936312019,0.12342665139072594,0.18290994119414908,0.11588066349525022,NA,NA,60,-72.53486799,-36.15807679,UChile
13401,0.17873801620599575,0.1631506419798899,0.11112438907709739,0.1221587804371931,NA,NA,60,-72.56479751,-36.12464291,UChile
13402,0.13814774647529882,0.1239578300666259,0.07454610917601202,0.044741086528118805,NA,NA,60,-72.55291192,-36.11598603,UChile
13403,0.06950778219973956,0.06730405551627344,0.06031571481804951,0.06901212200806729,NA,NA,60,-72.66764417,-36.16667459,UChile
13404,0.1555089608182954,0.13572909413867598,0.06796636956153254,0.04808054071595565,NA,NA,60,-72.46826371,-36.00400611,UChile
13405,0.18561280075100683,0.16749919461699653,0.10688908487108038,0.1167566019082422,NA,NA,60,-72.57095513,-36.09755423,UChile
13406,0.22572652607767602,0.19960418629436885,0.10906172009897054,0.062358622626903976,NA,NA,60,-72.3958723,-36.15233641,UChile
13407,0.17255743380648694,0.15976501294733947,0.11547044317357723,0.09347722624904413,NA,NA,60,-72.39489192,-36.15176051,UChile
13408,0.018176501522485608,0.03032397288459811,0.07547020276841733,0.15632728854076502,NA,NA,60,-72.57349511,-36.09700988,UChile
13409,0.1311950705713218,0.14156871385705624,0.17466694919166179,0.13765516084024226,NA,NA,60,-72.38386333,-36.15547913,UChile
13410,0.20732551249257053,0.18770685198567183,0.11766173889061131,0.042829126516772884,NA,NA,60,-72.5052011,-36.09445227,UChile
13411,0,0.006284689407373222,0.08382305583004701,0.09703040590157876,NA,NA,60,-72.29395092,-35.48264103,UChile
13412,0.08935430056907658,0.09607299880827674,0.11866074486867001,0.11706622573711167,NA,NA,60,-72.10407619,-35.52360292,UChile
13413,0.1477311057350077,0.1444523771165799,0.13317236479881234,0.12895064170723722,NA,NA,60,-72.2928166,-35.43297163,UChile
13414,0.07948238195028158,0.09136105929162386,0.1325467338420882,0.15403826427709633,NA,NA,60,-72.29453095,-35.47526251,UChile
13415,0.14263590651905966,0.14559212120564313,0.15469908989281708,0.13783032691805236,NA,NA,60,-72.30151393,-35.44991047,UChile
13416,0.11550331099006704,0.13263607209178374,0.19285307894076317,0.2362029488911533,NA,NA,40,-72.27219155,-35.44245474,UChile
13417,0.12000000000000001,0.12000000000000001,0.12000000000000001,NA,NA,NA,20,-72.32118153,-35.44343165,UChile
13418,0.03992324432147481,0.044384469843916904,0.060038804451766216,0.0717341481210605,NA,NA,60,-72.06295333,-35.52411445,UChile
13419,0.14143684094694467,0.1489617616126796,0.17284316976875136,0.14351323317042683,NA,NA,60,-72.24607803,-35.49003173,UChile
13420,0.11603865695580418,0.13270103601934038,0.18921146970357447,0.1948376101428677,NA,NA,60,-72.22736403,-35.43732715,UChile
13421,0.06510892067323797,0.08083074850775446,0.13608870773387677,0.1758685883942348,NA,NA,40,-72.27380054,-35.46584206,UChile
13422,0.17436700234527153,0.17404449712083317,0.1724489809759334,0.16258569946298176,NA,NA,60,-72.30312136,-35.4399354,UChile
13423,0.010900709998232967,0.03207808673972108,0.10592050824320592,0.15233015040112335,NA,NA,60,-72.10818393,-35.59341432,UChile
13424,0.08898440587413353,0.09339188536328366,0.1091011492168129,0.12538994849694204,NA,NA,60,-72.14668385,-35.60842885,UChile
13425,0.043473741233518284,0.047451214724240146,0.06109729343853562,0.06548251787399469,NA,NA,60,-72.16556088,-35.60298629,UChile
13426,0.09858048672762884,0.10685793312857361,0.1353605883782685,0.1465095157265461,NA,NA,60,-72.21925712,-35.47953103,UChile
13427,0.025674589898319267,0.04529316042868971,0.10937048950491425,0.06818865482707409,NA,NA,60,-72.1590238,-35.57088564,UChile
13428,0.09074824388809316,0.21237853980383856,0.2744120261372381,0.2580855952033489,0.20849344611310136,NA,80,-70.90522949,-35.12526306,UChile
13429,1,0.4,0,0.9333333333333333,0.3076923076923077,NA,100,-70.93139894,-35.11768487,UChile
13431,0,0,0.6,0.9,0,NA,70,-70.91812566,-35.11427603,UChile
13432,1,0.3,0.7333333333333333,0.9,0,0.9230769230769231,114,-70.92690453,-35.11414254,UChile
13433,0.082,0.082,0.082,NA,NA,NA,20,-70.95133653,-34.21797012,UChile
13434,0.06300000000000001,0.06300000000000001,0.06300000000000001,NA,NA,NA,20,-70.97358324,-34.21863019,UChile
13435,0.07,0.07,0.07,NA,NA,NA,20,-70.94371205,-34.22493759,UChile
13436,0.10500000000000001,0.10500000000000001,0.10500000000000001,NA,NA,NA,20,-71.66263655,-34.17985832,UChile
13437,0.123,0.123,0.123,NA,NA,NA,20,-71.65505028,-34.19294498,UChile
13438,0.14800000000000002,0.14800000000000002,0.14800000000000002,NA,NA,NA,20,-71.62997691,-34.24985036,UChile
13439,0.034,0.034,0.034,NA,NA,NA,20,-71.63189382,-34.24795841,UChile
13440,0.027999999999999997,0.027999999999999997,0.027999999999999997,NA,NA,NA,20,-71.6619024,-34.17644764,UChile
13441,0.07900000000000001,0.07900000000000001,0.07900000000000001,NA,NA,NA,20,-71.19621342,-34.70977398,UChile
13442,0.07500000000000001,0.07500000000000001,0.07500000000000001,NA,NA,NA,20,-71.19896937,-34.71127311,UChile
13443,0.086,0.086,0.086,NA,NA,NA,20,-71.16143062,-34.62033075,UChile
13444,0.05400000000000002,0.05400000000000002,0.05400000000000002,NA,NA,NA,20,-71.19621331,-34.66829793,UChile
13445,0.2900582145545345,0.2456629776881549,0.10638775816619792,0.07603365902829197,0.07882062771022189,NA,90,-71.92218076,-34.6970972,UChile
13446,0.08473099222699729,0.08848240506590625,0.10174731712102442,0.11531179351841862,NA,NA,60,-71.77003642,-34.29123906,UChile
13447,0.0952024443042533,0.09766081899656075,0.10587567854029133,0.11033800233129644,NA,NA,60,-70.97674766,-34.71858363,UChile
13448,0.10611763990764103,0.10777177365332838,0.11270764036259737,0.1032631695980364,0.09530611650219173,NA,70,-70.97637786,-34.56374689,UChile
13449,0.0563943177459879,0.05959541326252158,0.07237498063472968,0.09620232520145501,0.08592114015220952,NA,90,-71.03406689,-34.79319487,UChile
13450,0.07370130845342047,0.09560969260567159,0.07920116207209003,0.0391093788893785,0.06661040639163049,NA,70,-71.72030298,-34.360994,UChile
13451,0.19905733958987415,0.16134019377560324,0.0946100642717809,0.11972030669276432,0.06543178154693259,NA,80,-71.77296438,-34.28336973,UChile
13452,0.0512158412416001,0.05357766863154904,0.07083655586016918,0.08135896411928634,NA,NA,60,-71.72538063,-34.35841365,UChile
13453,0.09551448573914917,0.09945614189473274,0.11349821556031404,0.12598440448603243,NA,NA,45,-70.99282222,-34.73379748,UChile
13454,0.05025333647137706,0.0579395126517998,0.08281118804221935,0.062155293718166665,NA,NA,60,-71.32426737,-34.64042825,UChile
13455,0.027078308126961177,0.028346685645287677,0.05129278802228527,0.06839768584831753,0.04523337852834666,NA,85,-70.58171137,-32.74996915,UChile
13456,0.1156365518645389,0.111562144416393,0.09747545088351445,0.09109486054515202,0.09400490863977978,NA,80,-70.59799988,-32.73013922,UChile
13457,0.022638118511598353,0.008890812596857924,0,0.007191457081624727,0.19369434509468353,NA,90,-71.44345086,-32.34841074,UChile
13458,0.059717381949049714,0.08780774904280839,0.1862237865575485,0.09672362023766072,NA,NA,60,-71.35133633,-32.26872906,UChile
13459,0.1175859792952716,0.11445431143877474,0.10818407161332025,0.12235495569512073,0.18489857907453477,NA,90,-71.38611098,-32.33039098,UChile
13472,0.2822172613119199,0.22357496429561446,0.13453372440777883,0.13250996487187483,0.16211014209941424,NA,90,-70.51251074,-33.73734694,UChile
13473,0.187849408934944,0.17629443678222637,0.14843457037735497,0.14583026697767928,0.15532745384538602,NA,70,-70.51991151,-33.72904417,UChile
13474,0.23101060823011957,0.1898874673922883,0.1859146160708885,0.1908951897598068,0.23433512308034807,NA,92,-70.52329996,-33.73176105,UChile
13475,0.1660942309862192,0.13423806704735844,0.07959460164005923,0.08866842450117876,0.09842186828770501,NA,97,-71.40604674,-33.18008075,UChile
13476,0.13112490394362714,0.11129103491357412,0.11432547420875311,0.24577106865949247,0.19844959740271295,NA,90,-71.40312246,-33.19024161,UChile
13477,0.08553945978819182,0.08024536670939947,0.06470742709063146,0.07011410670708118,0.07652056543969307,NA,92,-71.45584454,-33.16652493,UChile
13478,0.08166242203633332,0.07579350125549285,0.0651174420092505,0.06466167315310649,0.07172440710308829,NA,90,-71.44094701,-33.17206941,UChile
13484,0.16199999999999998,0.16199999999999998,NA,NA,NA,NA,10,-70.32416619,-33.56694468,UChile
13485,0.05610000000000001,0.05610000000000001,NA,NA,NA,NA,10,-70.21666703,-33.49416698,UChile
13486,0.09566000000000001,0.09566000000000001,NA,NA,NA,NA,10,-70.12027729,-33.7033335,UChile
13487,0.18459,0.18459,NA,NA,NA,NA,10,-69.97944462,-33.61083301,UChile
13499,0.19373483300000002,0.19373483300000002,0.19373483300000002,NA,NA,NA,19,-72.29736313,-35.47501386,UChile
13501,0.17682008999999999,0.17682008999999999,NA,NA,NA,NA,10,-72.29911532,-35.46667504,UChile
13503,0.136847732,0.136847732,NA,NA,NA,NA,14,-72.2946637,-35.47878251,UChile
13504,0.12901979999999996,0.12901979999999996,NA,NA,NA,NA,8,-72.29298208,-35.47807146,UChile
13505,0.193948729,0.193948729,NA,NA,NA,NA,12,-72.28794985,-35.4770553,UChile
13506,0.225655598,0.225655598,NA,NA,NA,NA,14,-72.29659934,-35.47115065,UChile
13507,0.08332352800000001,0.08332352800000001,0.08332352800000001,NA,NA,NA,20,-72.29022915,-35.47216276,UChile
13508,0.19352508300000001,0.19352508300000001,NA,NA,NA,NA,12,-72.29329322,-35.47408874,UChile
13509,0.267008276,0.267008276,0.267008276,NA,NA,NA,20,-72.29485817,-35.47545183,UChile
13510,0.19019442000000003,0.19019442000000003,0.19019442000000003,0.19019442000000003,NA,NA,33,-72.2970555,-35.4761127,UChile
13511,0.266514678,0.266514678,0.266514678,0.266514678,NA,NA,35,-72.30009024,-35.46923475,UChile
13512,0.09270166199999999,0.09270166199999999,0.09270166199999999,NA,NA,NA,30,-72.29098322,-35.47039388,UChile
13514,0.166818399,0.166818399,0.166818399,NA,NA,NA,17,-72.29353842,-35.47631698,UChile
13516,0.135531911,0.135531911,NA,NA,NA,NA,6,-72.29936881,-35.47206619,UChile
13520,0.062667741,0.062667741,NA,NA,NA,NA,15,-72.28718981,-35.46867697,UChile
13521,0.149558863,0.149558863,NA,NA,NA,NA,9,-72.2925467,-35.47334313,UChile
13523,0.03584149775950388,0.049648769946445806,0.08491710826397071,0.11790828698024887,0.07957327122872171,NA,100,-72.19353473,-36.01263195,UChile
13524,0.08313589611410359,0.0894374947078357,0.11324120574549609,0.13234332019436132,0.13061628211953277,NA,80,-72.40665325,-35.84331344,UChile
13525,0.042656121821201314,0.09062508732118184,0.16264088532881482,0.07436211994468907,0.029097790717298747,NA,62,-72.40604725,-35.84186724,UChile
13526,0.007020928143656714,0.03600512386933386,0.0930308805884545,0.07145036851364696,0.051618679059388516,NA,75,-72.13717224,-36.01450439,UChile
13527,0.07483172335369284,0.04394193208968773,0.04894046785044216,0.040480362922419244,0.03154691964526443,0.020595644517683764,136,-70.28047991,-33.32131987,UChile
13528,0.08292260873980598,0.08162113076186613,0.06113562100826982,0.0551009114750441,0.08502096025846188,0.10028096362676246,160,-70.25492984,-33.27487984,UChile
13529,0.05926467139821361,0.025259597045134745,0.0279814181838127,0.03353774179040251,0.06086464506556457,NA,95,-70.26597956,-33.30641031,UChile
13530,0.06098703736802191,0.03615827811483229,0.009704679312899344,0.03002515738348707,0.07424786785607285,NA,89,-70.23884027,-33.2815801,UChile
13537,0.0682658710552993,0.12585781292022089,0.15211347642298978,0.02542327085003059,0.08554291335693673,NA,100,-70.33295222,-33.39252125,UChile
13538,0.09610232478764091,0.08936747934576758,0.08791258161910151,0.10489160676222904,0.10043410401993569,0.09356820359573023,120,-70.33044144,-33.39285483,UChile
13539,0.13954580689457738,0.11185781693218469,0.058277409055865335,0.04873464432260145,0.07741300801255196,NA,80,-70.32958326,-33.39015838,UChile
13540,0.13865437183097892,0.1376394632478909,0.13285285867185487,0.11472240991709869,0.09995362079702341,NA,80,-70.33889268,-33.38657701,UChile
13541,0.11693987741252442,0.11281421824496549,0.09803593806452734,0.08284942747135986,0.11063942284721821,0.1508749679101628,300,-70.34227846,-33.38792933,UChile
13542,0.051394889945552226,0.05378046893986498,0.06330429205669498,0.0965399345317164,0.11315031740546443,0.07130003884474176,170,-70.35048017,-33.38923826,UChile
13543,0,0,0.006720624177847882,0.07975154126286162,0.12668058289162995,0.20184893687784833,132,-70.13680209,-33.66768694,UChile
13544,0,0,0,0.023287162991157923,0.16551100930358578,0.1543491200907382,150,-70.1368509,-33.66720742,UChile
13547,0.1591293045400986,0.15987232758227077,0.21937501615779736,0.24866510257791458,0.29791196454975427,NA,80,-70.14053037,-33.66007037,UChile
13548,0.16568678334386566,0.13338102801366158,0.07878294380071443,0.08385334287420644,0.08032849597910882,0.07664578808588729,105,-70.96434344,-33.87439861,UChile
13549,0.1347444022681133,0.12876148909458732,0.11751653078976027,0.11514470598685432,0.101390134891521,NA,100,-70.95984366,-33.87428092,UChile
13550,0.13674292626506634,0.133893218795349,0.09811051373425456,0.05784642234289995,NA,NA,45,-70.94848195,-33.8738029,UChile
13551,0.10141712918070875,0.10013026159379834,0.09424548320391651,0.08659020628058478,0.12703725009683814,0.0735794102518601,120,-70.92965501,-33.87256632,UChile
13552,0.1366905252331143,0.14186128090594857,0.12951617793222844,0.07460696237794504,NA,NA,50,-70.70416639,-28.61722252,UChile
13553,0.04235429779295732,0.042530116927556684,0.04323203052692626,0.046181288762559045,0.0652694632236608,NA,90,-70.27472173,-28.92166627,UChile
13554,0.1284800331198013,0.13858997246016524,0.14404993970036178,NA,NA,NA,20,-70.00333296,-27.95250034,UChile
13555,0.1500248115542973,0.12810629418128167,0.10668775522899202,0.13524990703519196,NA,NA,50,-70.26388868,-27.547222090000002,UChile
13556,0.1446598101777184,0.1548453865346814,0.16407646096400663,0.12396524544593618,NA,NA,60,-70.11499979,-27.83138857,UChile
13558,0.23019097433310284,0.22900401281981816,0.2242653680187204,0.2350355133450165,0.27568529866259134,NA,80,-70.58333315,-27.3166667,UChile
13559,0.15024633865625725,0.1538744532758374,0.16835878683462635,0.20349267463584206,0.22276247441552793,NA,80,-70.56666623,-27.3333337,UChile
13560,0.25426116613790534,0.24746847552659762,0.2203503695977335,0.2156841177708373,NA,NA,60,-70.44999971,-27.30000029,UChile
13562,0.042476384903287985,0.05137636038706017,0.024969683486172962,0.01069293974618202,0.012539352019230872,0.0063631771826476455,104,-72.25779352,-35.14896091,UChile
13564,0.17999999999999997,0.17999999999999997,0.17999999999999997,NA,NA,NA,20,-70.66166661,-33.14805545,UChile
13565,0.11399999999999999,0.11399999999999999,0.11399999999999999,NA,NA,NA,20,-70.79388876,-33.14749968,UChile
13566,0.20571974368153792,0.15940002159987043,0.11860026639840163,NA,NA,NA,20,-70.81222266,-33.27861119,UChile
13567,0.17300000000000001,0.17300000000000001,0.17300000000000001,NA,NA,NA,20,-70.82556191,-33.50333369,UChile
13568,0.18699999999999997,0.18699999999999997,0.18699999999999997,NA,NA,NA,20,-70.82555545,-33.50333378,UChile
13569,0.020487347000000003,0.020487347000000003,NA,NA,NA,NA,10,-69.70574416,-18.72767628,UChile
13570,0.17376297100000004,0.17376297100000004,NA,NA,NA,NA,10,-69.66933838,-18.72257724,UChile
13571,0.11799301100000001,0.11799301100000001,NA,NA,NA,NA,10,-69.6399534,-18.71244946,UChile
13572,0.012415309999999985,0.012415309999999985,NA,NA,NA,NA,10,-69.82359826,-18.46560062,UChile
13573,0.010142450999999997,0.010142450999999997,NA,NA,NA,NA,10,-69.83138604,-18.4701486,UChile
13574,0.009907602999999987,0.009907602999999987,NA,NA,NA,NA,10,-69.8570038,-18.47953277,UChile
13575,0.0018399060000000023,0.0018399060000000023,NA,NA,NA,NA,10,-69.3570538,-19.79925874,UChile
13576,0.026098827000000005,0.026098827000000005,NA,NA,NA,NA,10,-69.27167839,-19.76498764,UChile
13577,0.093114431,0.093114431,NA,NA,NA,NA,10,-69.20803515,-19.69653697,UChile
13620,0.04635245947751264,0.03530275650344911,0.04653302601981733,0.03741795040969278,0.03268225606807677,0.03312769445541617,275,-71.500084,-31.81286,WoSIS
13640,0.0643308522560558,0.06778391637256284,0.09002839505459485,0.08836490520851487,0.1089676273092114,0.11893201336153401,133,-71.28054559,-32.22325908,UChile
13641,0.09402705348367485,0.09808628592410175,0.10386841928220879,0.07841566987822014,0.11797952407801952,0.05972470356590739,125,-71.05070502,-32.14589264,UChile
13642,0.0667285770549804,0.0649752212359173,0.05852260275801314,0.06518855475650254,0.06790454713745775,0.05812569323953037,115,-71.273033,-32.228237,UChile
13643,1,1,1,1,NA,NA,54,-70.34880724,-33.38949367,UChile
13644,0.039414581901751816,0.04736306755642057,0.10725472010482782,0.08724023464766688,0.05179049062745415,0.07858497514447604,145,-70.37441613,-33.40174896,UChile
13645,0.0033905271983051704,0.014561586044630854,0.059159224074535714,0.16591441601397244,0.18501956764802394,0.07518217378565505,128,-70.32946394,-33.38726461,UChile
13646,0.0698663162541301,0.07285604169123981,0.11876984223345302,0.19323539430417624,0.21926970888228514,0.2540215488281435,200,-71.50147872,-39.34115185,UChile
13647,0.20480063499999998,0.20480063499999998,0.20480063499999998,NA,NA,NA,21,-71.5007962,-39.34218456,UChile
13648,0.12290693134740897,0.12290693134740897,0.13300553003933993,0.14461074786687736,0.19855940706889885,0.2949493814628909,201,-71.5007962,-39.34218456,UChile
13649,0.07647214464922285,0.08575915946927662,0.12283522638654552,0.19872859142669774,0.2228443123663327,0.30654807472164924,200,-71.49998635,-39.34159836,UChile
13650,0.048572932054673446,0.0586738311831722,0.09899912615353548,0.2199262244220534,0.28010027382833474,0.2969732040202274,200,-71.49784158,-39.34359942,UChile
13651,0.1850642753895063,0.18199713329134456,0.16975234119403232,0.19122672243100391,0.3920616835491521,0.2894672403917591,215,-71.49748832,-39.34345385,UChile
13652,0.08949998983288691,0.10268041933545055,0.21077277398260483,0.357445362407594,0.24897556476267266,0.2200732613517474,200,-71.4980813,-39.3428375,UChile
13653,0.12646743107124123,0.1302309668304538,0.14520044637814886,0.19082547635058203,0.2516057061352274,0.28626856407289836,295,-71.49581572,-39.34633663,UChile
13654,0.12447441832055174,0.13110493943919174,0.1564036258402659,0.2138121586625323,0.25172749537370714,0.24734319125878182,140,-71.48011214,-39.35965469,UChile
13655,0.11460681029892142,0.11484663742399778,0.12279000250607258,0.16439830134351377,0.21169285729100276,0.2740466813030729,140,-71.47944936,-39.35929044,UChile
13656,0.17348908679093766,0.16186374262133568,0.11421271190409009,0.15306871617145645,0.19590428634431256,0.23908234369907042,328,-71.48562556,-39.35575316,UChile
13657,0.1654534151089902,0.162325200324497,0.14983659091353563,0.17443476610693104,0.25868490813782596,0.28087295964328163,200,-71.49704979,-39.34482364,UChile
13659,0.22129849426269796,1,0.3741938624086079,0,0.775,1,170,-71.11032466,-35.37303667,UChile
13660,0.352349656985687,0.29555675854085633,0.11299369062240705,0.18019676568044077,0.13512701574968064,0.1299300745441212,120,-71.04151732,-35.44308494,UChile
13661,0.021209638245302028,0.014192666923213021,0.0032055043532390457,0.11987697383768849,NA,NA,49,-70.90852089,-35.5014878,UChile
13662,0.028344938780593163,0.031065802037329636,0.04169193311286324,0.06764499124049145,0.10331828062290262,0.1251265168809342,140,-70.93480191,-35.50465695,UChile
13663,0.10454922190203425,0.09350572735003174,0.08143201524502158,0.06073735216241409,0.0231909442499409,0.14366089942921642,145,-70.96432868,-35.4889173,UChile
13664,0.12249392732621599,0.12257440070677614,0.12439227373942965,0.12688401020630946,0.0958911518413573,0.058338032360334593,150,-72.38627249,-35.87128927,UChile
13665,0.11605297242948899,0.1868832007575236,0.1782131915851287,0.08570333753169194,0.07129283003271296,0.15558892078878153,160,-72.40271075,-35.86775233,UChile
13666,0.14676020359310435,0.13695004755107187,0.1133788736599319,0.09056768195038302,0.11703716657908668,0.1918884805517264,220,-72.39110886,-35.91291091,UChile
13667,0.047900943442510203,0.055012376917804376,0.09890934777920699,0.13979309225241632,0.10720041856931874,0.1266418913701465,180,-72.40721997,-35.82254197,UChile
13668,0.019130109114175946,0.015888083370471498,0.006701119184943587,0.00065708926192902895,0.011505426349740545,NA,90,-70.39583332,-23.10500012,UChile
13669,0.06509116003187276,0.04696512851851829,0.0058022461925728505,6.668879117571919e-4,0.004870165941203248,NA,90,-70.37388843,-23.11722267,UChile
13670,0.008400000000000001,0.008400000000000001,0.008400000000000001,0.008400000000000001,0.008400000000000001,NA,90,-70.37611131,-23.12416658,UChile
13673,0.13078939216608368,0.13199366286213468,0.1370713583767985,0.15644275025004767,0.14744390330715781,NA,80,-70.56873054,-27.33684167,UChile
13674,0.15113906903401786,0.11515445613549632,0.15474716222125,0.24165860305498865,0.2296954250488384,NA,80,-70.53897779,-27.31936671,UChile
13675,0.11367654066262929,0.10895186207365062,0.10896681597999634,0.07272578061070901,0,NA,80,-70.454,-27.29805,UChile
13680,0.17450494748515752,0.16966746199761396,0.15266501300496094,0.14042504972485076,NA,NA,40,-73.08333313,-38.98333365,UChile
13681,0.10673268380194861,0.12366388300835099,0.18317245448263653,0.2260123259630221,NA,NA,40,-73.14999996,-38.99999977,UChile
13682,0.09736873919691066,0.11725607762583344,0.18356137957833152,0.16806348657766604,NA,NA,60,-71.26666645,-30.90000012,UChile
13683,0.1865127114406784,0.18397180512166714,0.1757818140562028,0.1616917040353824,NA,NA,60,-70.72222204,-30.09027739,UChile
13684,0.1267019259615353,0.1439996343640352,0.19975457354046522,0.29567570714374264,NA,NA,60,-73.18861107,-40.66722216,UChile
13685,0.26772718138852936,0.2530681064711566,0.2058181580165549,0.12452906174259093,NA,NA,60,-72.35916616,-39.2691663,UChile
13686,0.15612008513974454,0.16767630047109855,0.19959295472113583,0.21739490131529607,NA,NA,40,-71.31500003,-35.61249969,UChile
13687,0.19823997228008317,0.1944774835675493,0.18408601474195577,0.17829003212990363,NA,NA,40,-71.31638937,-35.60777751,UChile
13688,0.1965999802000594,0.1939124882625352,0.18649001052996844,0.1823500229499312,NA,NA,40,-73.16472223,-40.67111102,UChile
13689,0.13544013067960797,0.15317757746726762,0.2021659305022085,0.2294898485304544,NA,NA,40,-73.16555496,-40.67055586,UChile
13690,0.23811998614004157,0.23623874178377466,0.2310430073709779,0.22814501606495183,NA,NA,40,-72.42888885,-39.54388884,UChile
13691,0.18136015641953068,0.2025913427259718,0.2612289168132496,0.29393481869554394,NA,NA,40,-72.42222254,-39.54027812,UChile
13724,0.12247361978966695,0.11610850730605703,0.09450189919355054,0.07982149210695225,NA,NA,40,-72.0454828,-47.68610862,Otros
13725,0.002466151189509719,0.07379624418515555,0.12504386967253697,0.09532750781921857,0.13786323320202035,NA,71,-72.753559,-47.27948696,Otros
13757,0.05106710899999999,0.05106710899999999,0.05106710899999999,NA,NA,NA,20,-70.54872242,-26.10941696,UChile
13758,0.03062947330789353,0.04763345745372164,0.09458931001854662,NA,NA,NA,30,-70.54913864,-26.11019429,UChile
13759,0.057999479,0.057999479,0.057999479,NA,NA,NA,30,-70.78897191,-26.95608367,UChile
13760,0.06934974555218028,0.06598844002607722,0.05275584370310667,0.027814026630333565,0.024296040442208684,0.03209771872798815,110,-70.49736115,-27.78986102,UChile
13761,0.11579815431938134,0.1112058660763262,0.09287231223777272,0.07149175091705445,0.1067409540789802,0.03144337840607326,120,-70.82486159,-28.86461071,UChile
13762,0.05119086744916209,0.0510181503534228,0.0492679741481984,0.02657230103955067,NA,NA,60,-70.16919434,-29.75291673,UChile
13763,0.07276375964982316,0.06346223863839526,0.03103014156493389,0.016467299080106596,0.0346740587084075,0.001346687752423977,130,-71.10969448,-29.7521669,UChile
13764,0.17303521876882494,0.19165664423310955,0.17621188592652806,0.046978051872602004,0.12643675184606382,0.053272046929153674,160,-70.3278556,-33.41369799,UChile
13779,0.09547203716338352,0.09107888804581998,0.08003693848937093,0.06214819148944999,0.053188773651537895,NA,75,-72.47494413,-36.07380576,UChile
13780,0.11491786918151839,0.11001666889318129,0.09719235006040658,0.09302985928716745,0.10271480939399213,0.10625388015137688,105,-72.47488839,-36.07447246,UChile
13781,0.10996596796592249,0.11918091191818524,0.13918598860082504,0.1583041682208756,0.13353346221591314,0.17720465333355173,135,-72.4045916,-35.97723615,UChile
13782,0.05934307483722063,0.10630048538234693,0.16741553395196665,0.14582445044829748,0.12119938928564618,0.11794831315437818,130,-72.40549949,-35.97758297,UChile
13783,0.1436605879747595,0.1253505991415472,0.08302301854135467,0.1267904332115204,0.127113682363654,NA,90,-72.317028,-36.10736102,UChile
13784,0.09828349991373579,0.0905751967729788,0.07791932038005296,0.08386192966100066,0.08505997925481149,0.08473113347491774,120,-72.31761115,-36.10886119,UChile
13898,0.08073278264212917,0.07811702582464453,0.07895655483080362,0.10544450981694382,0.1067216589335338,NA,100,-72.30158465,-36.04428492,UChile
13899,0.05421250781374881,0.05606459512325799,0.0643161722239388,0.100152272225314,0.08935089835831145,0.09832698580585691,160,-72.30086557,-36.04354905,UChile
13900,0.06617064218567159,0.0634772947579905,0.05817829939923874,0.0801938934825351,0.07912656710173863,NA,100,-72.29956843,-36.04420623,UChile
13901,0.12039109845700284,0.1067287895413901,0.08870544728133964,0.10029911172401332,0.06759894968705886,0.0705042402078382,105,-72.30051309,-36.04433234,UChile
13910,0.09320628865394254,0.07840400058767698,0.05280787284443322,0.09815744091742938,0.12036096197327988,NA,62,-70.8213056,-32.0758056,UChile
13911,0.03446245024068242,0.10244564261239852,0.12614027594484908,0.09751508346299541,0.08297528452955248,NA,75,-70.7059167,-32.225972,UChile
13912,0.24246624,0.24246624,0.24246624,0.24246624,0.24246624,NA,70,-72.644606,-42.933248,UChile
13913,0.20522518099999998,0.20522518099999998,0.20522518099999998,0.20522518099999998,0.20522518099999998,NA,70,-71.958708,-43.117888,UChile
13914,0.03136108599999998,0.03136108599999998,0.03136108599999998,0.03136108599999998,0.03136108599999998,NA,70,-72.048847,-43.332211,UChile
13915,0.203341531,0.203341531,0.203341531,0.203341531,0.203341531,NA,70,-71.98314,-43.275336,UChile
13916,0.12002120299999999,0.12002120299999999,0.12002120299999999,0.12002120299999999,0.12002120299999999,NA,70,-71.941421,-43.606002,UChile
13917,0.045037196,0.045037196,0.045037196,0.045037196,0.045037196,NA,70,-71.883738,-43.596286,UChile
13918,0.082483746,0.082483746,0.082483746,0.082483746,0.082483746,NA,70,-72.113058,-43.589734,UChile
13919,0.29486352,0.29486352,0.29486352,0.29486352,0.29486352,NA,70,-72.164201,-43.658029,UChile
13920,0.011883454000000002,0.011883454000000002,0.011883454000000002,0.011883454000000002,0.011883454000000002,NA,70,-72.450669,-42.866309,UChile
13921,0.036177772999999996,0.036177772999999996,0.036177772999999996,0.036177772999999996,0.036177772999999996,NA,70,-72.401393,-42.848333,UChile
13922,0.05549254516025017,0.08111242432208557,0.08996863913414233,0.08977884229925831,0.13027678362278503,0.12023383112522418,270,-72.08072222,-37.44336111,UChile
13923,0.03968557523885815,0.042272980206715466,0.04611575167407239,0.02754766702345315,0.04659954717833926,0.100370199358542,200,-72.20563889,-40.77466667,UChile
13924,0.2782773187692238,0.22562099645357075,0.1274865156206904,0.12538238566424414,0.11501382013392078,0.1671338383841632,160,-72.40536111,-40.71647222,UChile
13925,0.15392962698295942,0.15567317678228063,0.15656397905979952,0.11887082712167069,0.07601225151456156,0.13206845954188462,140,-72.76033333,-40.62438889,UChile
13926,0.10685371348747398,0.11927931372418418,0.1597620776291717,0.17854339987149828,0.11856224230600525,0.17711992029789317,160,-72.91622222,-40.80141667,UChile
13927,0.15375288211640703,0.13875152423046952,0.1234023976032368,0.13096392038180368,0.10382132238508544,0.061555704371401246,205,-71.7867945,-39.4368421,UChile
13928,0.12252094906060312,0.5684838382574343,0.9273635126917309,0.10925176246787932,0.22891288538242335,0.2741225868357818,130,-71.5408544,-39.4092625,UChile
13929,0.3035234653227739,0.2550280075315179,0.10447735316068896,0.10370951146294666,0.15559462028334667,0.15548887380201806,210,-71.4067299,-39.327826,UChile
13930,0.1724018862377168,0.15133261007163493,0.08166308659941653,0.09076051416966224,0.09407900657904948,0.18859578513378,205,-71.5629679,-39.281371300000004,UChile
13931,0.06733469426652858,0.08053956406078937,0.12226890413502632,0.08271011063303386,0.10641854285582367,0.20582933759382474,125,-71.4705021,-39.0239003,UChile
13932,0.004629485834605809,0.03773723183432237,0.11966422129935249,0.101375333577959,0.04215858392646105,0.05280557350362966,210,-72.40443,-35.82021,UChile
13933,0.058807545810562356,0.06639709505878645,0.0915672989325852,0.11541786297329222,0.12124186812872458,NA,70,-72.40233333,-35.82833333,UChile
13934,0.05451273689298404,0.06292557935256912,0.09261190118690117,0.07501218372321504,0.1246281775421951,0.015679429559195813,125,-72.40611111,-35.83555556,UChile
13935,0.06731805401855136,0.07263901854706939,0.08018243473305975,0.0727344389405906,0.05732595071687102,0.05264111698882522,110,-70.41161667,-33.36923333,UChile
13936,0.08335006036723595,0.07795477882324038,0.05944950045566087,0.018022011020661255,0.004100066879171352,0.06492994532270045,140,-70.39293333,-33.37605,UChile
13937,0.11033921237509095,0.1069803540075292,0.0933076734980695,0.06609323950874012,0.18357040543931646,0.13186787418785492,230,-70.39898333,-33.37123333,UChile
13938,0.02622956877936071,0.04534941463509903,0.09696132929396346,0.1393103448233263,0.062265895390268014,0.013914569367482796,110,-70.31387778,-33.41587778,UChile
13939,0.0871841470807129,0.09452189672177322,0.11836816441934861,0.12836444994655355,0.06407192229366902,0.03768878658453429,235,-70.33676492,-33.402787,UChile
13940,0.17097037676603238,0.16276448430383,0.13724997094543018,0.13858679626743267,0.15097323669250393,0.13469166973587116,160,-70.33058544,-33.425571,UChile
13941,0.05639596195782627,0.051427999219207716,0.05520541019663454,0.09956192353932186,0.08600046342391907,NA,80,-71.339342,-32.364424,UChile
13942,0.06990687738347391,0.07055277277032498,0.07308728629609247,0.07657011444410486,NA,NA,50,-71.257221,-32.268697,UChile
13943,0.04038096873011938,0.04699092366785859,0.059822197027320105,0.06791147805828497,NA,NA,45,-71.263528,-32.259336,UChile
13944,0.11544261700000001,NA,NA,NA,NA,NA,5,-70.700012,-32.235098,UChile
13945,0.07329763653752847,0.0659351656499314,0.04369958255165534,0.05726509306794439,0.0690714997781795,NA,70,-70.702819,-32.237578,UChile
13946,0.02083940824127918,0.020191598103912096,0.018622881398719253,0.015764895498570356,0.011339516034849055,0.008482324019672421,120,-70.767163,-32.233435,UChile
13947,0.0369664384130229,0.05160607770089801,0.06990682380609518,0.0579358856877217,NA,NA,60,-70.81432355,-32.21318505,UChile
13948,0.09833049002233468,0.07561276876793051,0.03249438407355443,0.06172940781750495,0.0788620723015104,0.030047132322181435,200,-70.969156,-32.286683,UChile
13949,0.057292341284591465,0.07493201416919393,0.13578143378490223,0.15850017528336252,0.12372183857735856,0.1086420192620459,200,-71.05666667,-32.30277778,UChile
13950,0.07178879428461095,0.08353427752562628,0.1253453531615628,0.1614474615888547,0.11074154834211403,NA,100,-71.75388889,-35.76947222,UChile
13951,0.15019147434923313,0.1524077993973611,0.15988425797020733,0.17509352421513896,0.20924996777711175,0.15869550129553467,140,-71.18983333,-34.48613889,UChile
13952,0.0401230421395465,0.09678501368512832,0.14478822707833594,0.08851094728389985,0.08503494499406612,0.05048924108473757,310,-72.065881,-35.925281,UChile
13953,0.15855183422748678,0.15106689210720176,0.1376692395099874,0.13048671490906144,0.1312684404690509,0.1326195480268987,130,-72.06316,-35.920344,UChile
13954,0.0010813213397977699,0.051270286957676325,0.11892467216267072,0.05284616246470229,0.04036884713167438,0.16888577549655043,130,-72.204786,-36.032515,UChile
13955,0.11120787762828228,0.11694567763903356,0.12683601114110263,0.11354517459571123,0.1047825321040793,0.2628405054050286,260,-72.569056,-36.173738,UChile
13956,0.06958450031840073,0.07627945545734557,0.09670153950559324,0.07731124488751721,0.13431891191983708,0.12386700832998737,210,-72.545563,-36.134477,UChile
13957,0.09629738300573129,0.09602480914088551,0.0942529085027397,0.0875959431287273,0.06865267504841271,0.02688959136172943,170,-72.549743,-36.224712,UChile
13958,0.10841781306963172,0.1079339308499017,0.1061182959031579,0.10604340810400306,0.09979239080163385,0.039157052545890025,160,-72.408463,-36.160576,UChile
13959,0.10504300810018936,0.11209442494873467,0.12807903660020808,0.1480267883065024,0.20238295479687726,0.1354413837021457,200,-72.63705,-36.138516,UChile
13960,0.10900000000000004,0.10900000000000004,0.10900000000000004,0.10900000000000004,NA,NA,40,-71.387004,-30.679859,Otros
13961,0.128,0.128,0.128,0.128,NA,NA,40,-71.389602,-30.668279,Otros
13962,1,0.2667000689419253,0.4666666666666667,0.3333333333333333,0.75,0.3434343434343434,310,-72.30343,-35.88194,UChile
13963,0.15611621456593355,0.15836608910307468,0.1934555410625222,0.23306805252668053,0.14030561086743953,0.11198413135967887,170,-72.32297,-35.86282,UChile
13964,0.14196143740799375,0.14197034895866947,0.1420125116567446,0.13628614152077595,0.16330698227173218,0.07265548539223816,190,-72.38549,-35.81987,UChile
13965,0.07286652992086612,0.07572156394302902,0.10368754047591125,0.20849328549834992,0.18157260781319887,0.13557867864729672,170,-72.38522,-35.83648,UChile
13966,0.20779771920503215,0.15575131464839767,0.11240233726894625,0.14113657279545372,NA,NA,50,-72.55079,-35.97135,UChile
13967,0.1484104300145839,0.1421890249148334,0.12369048077982629,0.12786679008338803,0.14475143289035372,0.0856740401135397,121,-72.53682,-35.97248,UChile
13968,0.12893655747752789,0.13027185805459016,0.13658886752542132,0.1395066548098699,NA,NA,36,-72.47408,-35.95839,UChile
13969,0.1344728576146337,0.1336482678132811,0.14103246432232203,0.1568860086957281,0.11691020381475203,0.08229633939403817,136,-72.52888,-35.96562,UChile
13970,0.23067332965705134,0.20829821728003212,0.12565755853582897,0.024066329686621004,0.0598239352773858,0.10023748499020159,130,-72.45969,-35.95711,UChile
13971,0.23930521841865957,0.21638150584027013,0.14136643495347884,0.12559694708948937,0.10469773608137617,0.06569054053535532,197,-72.36019,-35.74902,UChile
13972,0.08306898540185532,0.08816706408898559,0.10844749755807305,0.1052144201915264,0.11747872471016356,0.04678738710040418,170,-72.3748,-35.7409,UChile
13973,0.1271060902340752,0.11273539146099165,0.08855249903623832,0.09646757277927512,0.07196493808179456,0.08277882362710312,160,-72.38942,-35.73273,UChile
13974,0.08243032818577939,0.08840559032785666,0.12049794744052321,0.11587459990398048,0.159417752704026,0.07118411844078415,110,-70.350636,-33.409346,UChile
13975,0.0790280447637931,0.06949594288347202,0.040319491031866085,0.0476072622796379,0.07177473572271706,0.03193466442203215,150,-70.350519,-33.389453,UChile
13976,0.13477746340886693,0.12609467564410803,0.13133319315123443,0.132873179306904,0.14109024936340098,0.11701288927541438,180,-72.40063,-35.79814,UChile
13977,0.06064229048594611,0.08999914945655968,0.09748943731125993,0.07450334318578739,0.07217347835033965,0.07770352463739197,190,-72.38887385,-35.81054887,UChile
13978,0.10381867548829014,0.07052790725331917,0.03742664912203896,0.056486441417407836,0.0645269065634112,NA,69,-72.386597,-35.83377,UChile
13979,0.018748292548449282,0.025342890796218032,0.07294247909398228,0.10959438712836127,0.09171523519199724,0.1156494912077922,165,-72.39096,-35.81234,UChile
13980,0.136929019,0.136929019,NA,NA,NA,NA,14,-72.48,-35.92,UChile
13981,0.13050138199848663,0.1276827830800439,0.11645294413547595,0.10051014375381953,0.11960459035196401,NA,93,-72.50642082,-36.25247751,UChile
13982,0.1440556701467153,0.1298440351765493,0.0895603357260706,0.02780252128712194,0.0014904976172879457,NA,70,-72.384049,-35.814895,UChile
13983,0.1296596435527713,0.12878875718125093,0.12699233409384392,0.13433580648517274,0.11621630740624705,0.09269241015896607,180,-72.372697,-35.795467,UChile
13984,0.07275960951899883,0.06973062974931621,0.04409281486950212,0.03931537734007496,0.08729540695087414,0.07646609963384302,130,-72.626459,-36.221428,UChile
13985,0.1362827561301132,0.13382877012309605,0.09747759464634621,0.10780792287359879,0.137646021568135,0.11998893943486957,190,-72.397269,-35.804422,UChile
13986,0.126411328,0.126411328,0.126411328,0.126411328,0.126411328,0.126411328,170,-72.312004,-35.805065,UChile
13987,0.09217050984932376,0.09742239407675497,0.11837921513190758,0.14701491516429904,0.14099473020721784,0.20296517171527345,160,-72.408889,-35.822,UChile
